"Victor, Colorado"
"Damascus, Virginia"
"Hot Springs, North Carolina"
"Bryson City, North Carolina"
"Blowing Rock, North Carolina"
"Chimney Rock, North Carolina"
"Highlands, North Carolina"
"Valle Crucis, North Carolina"
"Saluda, North Carolina"
"Little Switzerland, North Carolina"
"Black Mountain, North Carolina"
"Tryon, North Carolina"
"Bakersville, North Carolina"
"Brasstown, North Carolina"
"Burnsville, North Carolina"
"Linville, North Carolina"
"Spruce Pine, North Carolina"
"Dillsboro, North Carolina"
"Franklin, North Carolina"
"Murphy, North Carolina"
"Waynesville, North Carolina"
"Maggie Valley, North Carolina"
"Banner Elk, North Carolina"
"Beech Mountain, North Carolina"
"Boone, North Carolina"
"West Jefferson, North Carolina"
"Bluff City, Tennessee"
"Flag Pond, Tennessee"
"Roan Mountain, Tennessee"
"Unicoi, Tennessee"
"Watauga, Tennessee"
"Baileyton, Tennessee"
"Mosheim, Tennessee"
"Chuckey, Tennessee"
"Parrottsville, Tennessee"
"Del Rio, Tennessee"
"Cosby, Tennessee"
"Gatlinburg, Tennessee"
"Townsend, Tennessee"
"Cades Cove, Tennessee"
"Tellico Plains, Tennessee"
"Copperhill, Tennessee"
"Ducktown, Tennessee"
"Sweetwater, Tennessee"
"Reliance, Tennessee"
"Etowah, Tennessee"
"Cloudland, Georgia"
"Helen, Georgia"
"Clayton, Georgia"
"Blairsville, Georgia"
"Morganton, Georgia"
"Suches, Georgia"
"Blue Ridge, Georgia"
"McCaysville, Georgia"
"Sautee Nacoochee, Georgia"
"Hiawassee, Georgia"
"Dillard, Georgia"
"Rabun Gap, Georgia"
"Tallulah Falls, Georgia"
"Clayton, Alabama"
"Mentone, Alabama"
"Fort Payne, Alabama"
"Blountsville, Alabama"
"Snead, Alabama"
"Kimberly, Alabama"
"Trafford, Alabama"
"Hayden, Alabama"
"Remlap, Alabama"
"Locust Fork, Alabama"
"Oneonta, Alabama"
"Vinemont, Alabama"
"Falkville, Alabama"
"Hanceville, Alabama"
"Cullman, Alabama"
"Baileyton, Alabama"
"Holly Pond, Alabama"
"Garden City, Alabama"
"West Point, Mississippi"
"Hamilton, Mississippi"
"Aberdeen, Mississippi"
"Okolona, Mississippi"
"Bruce, Mississippi"
"Water Valley, Mississippi"
"Coffeeville, Mississippi"
"Collinsville, Mississippi"
"Maben, Mississippi"
"Pachuta, Mississippi"
"Chunky, Mississippi"
"Noxapater, Mississippi"
"Gordo, Alabama"
"Vernon, Alabama"
"Millport, Alabama"
"Sulligent, Alabama"
"Guin, Alabama"
"Glen Allen, Alabama"
"Brilliant, Alabama"
"Beaverton, Alabama"
"Kennedy, Alabama"
"Nauvoo, Alabama"
"Lynn, Alabama"
"Brilliant, Ohio"
